id,japanese,japaneseAllHiragana,english,level
1,私,わたし,我,0
2,わたしたち,わたしたち,我们,3
3,あなた,あなた,你，妳,2
4,あの人,あのひと,他，她，那个人,2
5,皆さん,みなさん,各位，大家,2
6,～さん,～さん,～先生，～小姐，～女士,1
7,～ちゃん,～ちゃん,用于小孩的名字后,1
8,～君,～くん,～君（用于男孩的名字后）,1
9,～じん,～じん,～人（表国籍）,1
10,先生,せんせい,老师，教导者,3
11,教師,きょうし,教师,1
12,学生,がくせい,学生,0
13,会社員,かいしゃいん,公司职员,3
14,社員,しゃいん,～公司的职员（和公司名称一起使用）,1
15,銀行員,ぎんこういん,银行员,3
16,医者,いしゃ,医生,0
17,研究者,けんきゅうしゃ,研究人员,3
18,エンジニア,エンジニア,工程师,3
19,大学,だいがく,大学,0
20,病院,びょういん,医院,0
21,電気,でんき,电，电灯,1
22,だれ（どなた）,だれ（どなた）,谁（哪位）（“どなた”是“だれ”的礼貌形）,1
23,…歳,…さい,…岁,1
24,何歳,なんさい,几岁（おいくつ）（“おいくつ”是“なんさい”的礼貌形）,1
25,はい,はい,是，对,0
26,いいえ,いいえ,不，不是,3
27,失礼ですが,しつれいですが,冒昧请教一下,0
28,お名前は？,おなまえは？,您贵姓？,0
29,初めまして。,はじめまして。,初次见面。（第一次见面时的寒喧）,4
30,どうぞよろしく［お願いします］。,どうぞよろしく［おねがいします］。,请多关照。（第一次见面的问候语）,
31,こちらは～さんです。,ƒ,这位是～先生/小姐。,
32,～から来ました。,～からきました。,我从～來。,
33,これ,これ,这（事物近己方）,0
34,それ,それ,那（事物近对方）,0
35,あれ,あれ,那（事物在远方）,0
36,この～,この～,这（近己方）,0
37,その～,その～,那（近对方）,0
38,あの～,あの～,那（远方）,0
39,本,ほん,书本，书籍,1
40,辞書,じしょ,词典,1
41,雑誌,ざっし,杂志,0
42,新聞,しんぶん,报纸,0
43,ノート,ノート,笔记本,1
44,手帳,てちょう,记事本,0
45,名刺,めいし,名片,0
46,カード,カード,卡片,1
47,鉛筆,えんぴつ,铅笔,0
48,ボールペン,ボールペン,原子笔,0
49,シャープペンシル,シャープペンシル,自动铅笔,4
50,かぎ,かぎ,钥匙,2
51,時計,とけい,钟表,0
52,傘,かさ,伞,1
53,かばん,かばん,书包，手提包，皮包,0
54,テープ,テープ,录音带,5
55,テープレコーダー,テープレコーダー,录音机,5
56,テレビ,テレビ,电视,1
57,ラジオ,ラジオ,收音机,1
58,カメラ,カメラ,照相机,1
59,コンピューター,コンピューター,电脑,3
60,自動車,じどうしゃ,汽车,2
61,机,つくえ,桌子,0
62,いす,いす,椅子,0
63,チョコレート,チョコレート,巧克力,3
64,コーヒー,コーヒー,咖啡,3
65,英語,えいご,英语,0
66,日本語,にほんご,日语,0
67,～語,～ご,～语,
68,何,なん,什么,1
69,そう,そう,是的,0
70,違います。,ちがいます。,不对。/不是。,
71,そうですか。,そうですか。,我了解了/是吗？,
72,あのう,あのう,嗯（用于表示躊躇）,
73,ほんのきもちです。,ほんのきもちです。,小意思。/只是一点心意。ほんの気持ちです。,
74,どうぞ。,どうぞ。,请。/给你,1
75,どうも。,どうも。,谢了。,1
76,［どうも］ありがとう［ございます］。,［どうも］ありがとう［ございます］。,（非常）谢谢你。,
77,ここ,ここ,这里，这个地方,0
78,そこ,そこ,那里，那个地方,0
79,あそこ,あそこ,那里，那个地方,0
80,どこ,どこ,哪里，哪个地方,1
81,こちら,こちら,这边（“ここ”的礼貌形）,0
82,そちら,そちら,那边（“そこ”的礼貌形）,0
83,あちら,あちら,那边（“あちら”的礼貌形）,0
84,どちら,どちら,哪边（“どこ”的礼貌形）,1
85,教室,きょうしつ,教室,0
86,食堂,しょくどう,餐厅，食堂,0
87,事務所,じむしょ,办公室,2
88,会議室,かいぎしつ,会议室,3
89,受付,うけつけ,传达室，接待,0
90,ロビー,ロビー,大厅，休息室,1
91,部屋,へや,房间,2
92,トイレ（お手洗い）,トイレ（おてあらい）,厕所（洗手间）,1
93,階段,かいだん,楼梯,0
94,エレベーター,エレベーター,电梯,3
95,［お］国,［お］くに,贵国,0
96,会社,かいしゃ,公司,0
97,うち,うち,家，房子,0
98,電話,でんわ,电话，电话呼叫,0
99,靴,くつ,鞋子,2
100,ネクタイ,ネクタイ,领带,1
101,ワイン,ワイン,葡萄酒,1
102,たばこ,たばこ,香烟,0
103,売り場,うりば,柜台，卖场,0
104,地下,ちか,地下,1
105,…階,…かい,…楼,1
106,何階,なんがい,几楼,1
107,…円,…えん,?日元,1
108,いくら,いくら,多少钱,1
109,百,ひゃく,百,2
110,千,せん,千,1
111,万,まん,万,1
112,起きます,おきます,起床，起来,
113,寝ます,ねます,睡觉，就寝,
114,働きます,はたらきます,工作,
115,休みます,やすみます,休息,
116,勉強します,べんきょうします,念书，用功,
117,終わります,おわります,结束,
118,デパート,デパート,百货公司,2
119,銀行,ぎんこう,银行,0
120,郵便局,ゆうびんきょく,邮局,3
121,図書館,としょかん,图书馆,2
122,美術館,びじゅつかん,美术馆,3
123,今,いま,现在,1
124,…時,…じ,…点（钟）,1
125,…分,…ふん（…ぷん）,…分（钟）,1
126,半,はん,半,1
127,何時,なんじ,几点,1
128,何分,なんぷん,几分,1
129,午前；早晨,ごぜん,上午,1
130,午後,ごご,下午,1
131,朝,あさ,早上,1
132,昼,ひる,白天，中午,2
133,晩（夜）,ばん（よる）,晚上，夜晚,0
134,おととい,おととい,前天,3
135,きのう,きのう,昨天,2
136,きょう,きょう,今天,1
137,あした,あした,明天,3
138,あさって,あさって,后天,2
139,けさ,けさ,今天早上,1
140,今晩,こんばん,今天晚上,1
141,休み,やすみ,休息，休假,3
142,昼休み,ひるやすみ,午休,3
143,毎朝,まいあさ,每天早上,1
144,毎晩,まいばん,每天晚上,1
145,毎日,まいにち,每天,1
146,月曜日,げつようび,星期一,3
147,火曜日,かようび,星期二,2
148,水曜日,すいようび,星期三,3
149,木曜日,もくようび,星期四,3
150,金曜日,きんようび,星期五,3
151,土曜日,どようび,星期六,2
152,日曜日,にちようび,星期天,3
153,何曜日,なんようび,星期几,3
154,番号,ばんごう,号码,3
155,何番,なんばん,几号,1
156,～から,～から,从～,
157,～まで,～まで,到～,
158,～と～,～と～,和（用于连接名词）,
159,そちら,そちら,那里,0
160,大変ですね。,たいへんですね。,够呛。/（表示同情和慰问对方的心情）,
161,え―と,え―と,嗯，我看看,
162,行きます,いきます,去,
163,来ます,きます,来,
164,帰ります,かえります,回家，回去,
165,学校,がっこう,学校,0
166,スーパー,スーパー,超级市场,1
167,駅,えき,车站;火车站,1
168,飛行機,ひこうき,飞机,2
169,船,ふね,船,1
170,電車,でんしゃ,电车,1
171,地下鉄,ちかてつ,地下铁,1
172,新幹線,しんかんせん,新干线,3
173,バス,バス,公车，巴士,1
174,タクシー,タクシー,计程车,1
175,自転車,じてんしゃ,自行车，脚踏车,2
176,歩いて,あるいて,步行,
177,人,ひと,人,0
178,友達,ともだち,朋友,0
179,彼,かれ,他，男朋友，情人,1
180,彼女,かのじょ,她，女朋友，情人,1
181,家族,かぞく,家人，家属,1
182,一人で,ひとりで,一个人，独自,
183,先週,せんしゅう,上周，上星期,0
184,今週,こんしゅう,本周，这星期,0
185,来週,らいしゅう,下周，下星期,0
186,先月,せんげつ,上个月,1
187,今月,こんげつ,这个月,0
188,来月,らいげつ,下个月,1
189,去年,きょねん,去年,1
190,ことし,ことし,今年,0
191,来年,らいねん,明年,0
192,…月,…がつ,…月,
193,何月,なんがつ,几月,1
194,1日,ついたち,1日，1号,0
195,2日,ふつか,2日，2号,0
196,3日,みっか,3日，3号,0
197,4日,よっか,4日，4号,0
198,5日,いつか,5日，5号,0
199,6日,むいか,6日，6号,0
200,7日,なのか,7日，7号,0
201,8日,ようか,8日，8号,0
202,9日,ここのか,9日，9号,0
203,10日,とおか,10日，10号,0
204,14日,じゅうよっか,14日，14号,
205,20日,はつか,20日，20号,
206,24日,にじゅうよっか,24日，24号,
207,…日,…にち,…日，…号,
208,何日,なんにち,几日，几号,
209,いつ,いつ,什么时候,1
210,誕生日,たんじょうび,生日,3
211,普通,ふつう,普通车,0
212,急行,きゅうこう,快车,0
213,次の,つぎの,下一个，下一次,0
214,食べます,たべます,吃,
215,飲みます,のみます,喝，饮，服用,
216,吸います,すいます,吸（烟）［たばこを～］,
217,見ます,みます,看,
218,聞きます,ききます,听,
219,読みます,よみます,阅读,
220,書きます,かきます,书写,
221,買います,かいます,购买,
222,撮ります,とります,拍（照），（摄影）［しゃしんを～］［写真を～］,
223,します,します,做,
224,会います,あいます,遇见，碰见（朋友）［ともだちに～］［友達に～］,
225,ごはん,ごはん,餐，米饭,1
226,朝ごはん,あさごはん,早餐,3
227,昼ごはん,ひるごはん,中餐,3
228,晩ごはん,ばんごはん,晚餐,3
229,パン,パン,面包,1
230,卵,たまご,鸡蛋,2
231,肉,にく,肉,2
232,魚,さかな,鱼,0
233,野菜,やさい,蔬菜,0
234,果物,くだもの,水果,2
235,水,みず,水,0
236,お茶,おちゃ,茶,0
237,紅茶,こうちゃ,红茶,0
238,牛乳,ぎゅうにゅう,牛奶（ミルク）,0
239,ジュース,ジュース,果汁,1
240,ビール,ビール,啤酒,1
241,［お］酒,［お］さけ,酒类，日本酒,0
242,ビデオ,ビデオ,录影带，录影机,1
243,映画,えいが,电影,1
244,CD,CD,CD，雷射唱盘,
245,手紙,てがみ,信,0
246,レポート,レポート,报告,2
247,写真,しゃしん,相片,0
248,店,みせ,商店,2
249,レストラン,レストラン,餐厅,1
250,庭,にわ,院子,0
251,宿題,しゅくだい,作业（～をします：做作业）,0
252,テニス,テニス,网球（～をします：打网球）,1
253,サッカー,サッカー,足球（～をします：踢足球）,1
254,［お］花見,［お］はなみ,赏花（～をします：去赏花）,3
255,何,なに,什么,1
256,いっしょに,いっしょに,一起,0
257,ちょっと,ちょっと,一下子，稍,1
258,いつも,いつも,总是,1
259,時々,ときどき,时常，有时,2
260,それから,それから,然后,4
261,ええ,ええ,是，嗯（表赞同）,
262,いいですね。,いいですね。,好呀。,
263,わかりました。,わかりました。,我明白了。/我知道了。,
264,切ります,きります,剪，切,
265,送ります,おくります,寄送,
266,あげます,あげます,给，送,
267,もらいます,もらいます,接受，得到,
268,貸します,かします,借（出）,
269,借ります,かります,借（入）,
270,教えます,おしえます,教,
271,習います,ならいます,学习,
272,かけます,かけます,打（电话）［でんわを～］［电話を～］,
273,手,て,手,1
274,はし,はし,筷子,1
275,スプーン,スプーン,汤匙,2
276,ナイフ,ナイフ,小刀,1
277,フォーク,フォーク,叉子,1
278,はさみ,はさみ,剪刀,3
279,ファクス,ファクス,传真,1
280,ワープロ,ワープロ,文字处理机,0
281,パソコン,パソコン,个人电脑,0
282,パンチ,パンチ,打孔机,1
283,ホッチキス,ホッチキス,订书机,1
284,セロテープ,セロテープ,透明胶带,3
285,消しゴム,けしゴム,橡皮擦,0
286,紙,かみ,纸,2
287,花,はな,花,2
288,シャツ,シャツ,衬衫,1
289,プレゼント,プレゼント,礼物,2
290,荷物,にもつ,行李,1
291,お金,おかね,钱,0
292,切符,きっぷ,票,0
293,クリスマス,クリスマス,圣诞节,3
294,父,ちち,家父,1
295,母,はは,家母,1
296,お父さん,おとうさん,（他人的）父亲,2
297,お母さん,おかあさん,（他人的）母亲,2
298,もう,もう,已经,1
299,まだ,まだ,尚未，还没有,1
300,これから,これから,从现在起，这就,4
301,「～、」すてきですね。,「～、」すてきですね。,〔～〕，好棒哟！,
302,ハンサム［な］,ハンサム［な］,英俊〔的〕,1
303,きれい［な］,きれい［な］,美丽（的），干净（的）,1
304,静か［な］,しずか［な］,安静（的）,1
305,にぎやか［な］,にぎやか［な］,热闹的,2
306,有名［な］,ゆうめい［な］,有名〔的〕,0
307,親切［な］,しんせつ［な］,亲切（的）,1
308,元気［な］,げんき［な］,身体好（的）,1
309,暇［な］,ひま［な］,空闲（的）,0
310,便利［な］,べんり［な］,方便〔的〕,1
311,すてき［な］,すてき［な］,很好〔的〕，很棒〔的〕,0
312,大きい,おおきい,大,3
313,小さい,ちいさい,小,3
314,新しい,あたらしい,新,4
315,古い,ふるい,旧,2
316,いい（よい）,いい（よい）,好,1
317,悪い,わるい,坏,2
318,暑い、熱い,あつい,热,2
319,寒い,さむい,寒冷,2
320,冷たい,つめたい,凉,3
321,難しい,むずかしい,难,4
322,易しい,やさしい,简单,3
323,高い,たかい,高，贵,2
324,安い,やすい,便宜,2
325,低い,ひくい,低，矮,2
326,おもしろい,おもしろい,有趣，有意思,4
327,おいしい,おいしい,美味，好吃,3
328,忙しい,いそがしい,忙碌,4
329,楽しい,たのしい,愉快，高兴,3
330,白い,しろい,白色的,2
331,黒い,くろい,黑色的,2
332,赤い,あかい,红色的,0
333,青い,あおい,蓝色的,2
334,桜,さくら,櫻花,0
335,山,やま,山,2
336,町,まち,城市，城镇,2
337,食べ物,たべもの,食物,3
338,車,くるま,汽车,0
339,所,ところ,场所，地方,3
340,寮,りょう,宿舍,1
341,勉強,べんきょう,学习，用功,0
342,生活,せいかつ,生活,0
343,［お］仕事,［お］しごと,工作，职业（～をします：工作）,0
344,どう,どう,怎样,1
345,どんな～,どんな～,什么样的～,1
346,どれ,どれ,哪个,1
347,とても,とても,很，非常,3
348,あまり,あまり,不太（用于否定句）,3
349,そして,そして,而且，还用（用于接续句子）,3
350,～が、～,～が、～,～，但是～,
351,お元気ですか。,おげんきですか。,你好吗？,
352,そうですね。,そうですね。,是呀（用于思考回答时）。,
353,わかります,わかります,了解，明白，懂,
354,あります,あります,有,
355,好き［な］,すき［な］,喜欢（的），爱好（的）,2
356,嫌い［な］,きらい［な］,讨厌（的），不喜欢（的）,0
357,上手［な］,じょうず［な］,好（的），高明（的）,3
358,下手［な］,へた［な］,不行〔的〕，笨拙〔的〕,2
359,料理,りょうり,料理，菜,1
360,飲み物,のみもの,饮料,3
361,スポーツ,スポーツ,运动，体育（～をします：做运动）,2
362,野球,やきゅう,棒球（～をします：打棒球）,0
363,ダンス,ダンス,跳舞，舞蹈（～をします：跳舞）,1
364,音楽,おんがく,音乐,1
365,歌,うた,歌曲，歌,2
366,クラシック,クラシック,古典音乐,3
367,ジャズ,ジャズ,爵士乐,1
368,コンサート,コンサート,音乐会，演奏会,1
369,カラオケ,カラオケ,卡拉OK,0
370,歌舞伎,かぶき,歌舞伎(日本的传统戏剧）,0
371,絵,え,画,1
372,字,じ,字,1
373,漢字,かんじ,汉字,0
374,ひらがな,ひらがな,平假名,3
375,かたかな,かたかな,片假名,3
376,ローマ字,ローマじ,罗马拼音,3
377,細かい(お金),こまかい(おかね),零钱,
378,チケット,チケット,票,1
379,時間,じかん,时间,0
380,用事,ようじ,（必须办的）事情，工作,0
381,約束,やくそく,约定，承诺,0
382,ご主人,ごしゅじん,（他人的）丈夫,2
383,夫／主人,おっと／しゅじん,（自己的）丈夫,1
384,奥さん,おくさん,（他人的）妻子,1
385,妻／家内,つま／かない,（自己的）妻子,1
386,子ども,こども,小孩,0
387,よく,よく,很，十分,1
388,だいたい,だいたい,大致，大概,0
389,たくさん,たくさん,很多,0
390,少し,すこし,少，稍微,2
391,全然,ぜんぜん,完全，一点也（用于否定句）,0
392,早く、速く,はやく,早些，快些,1
393,～から,～から,因为～,
394,残念です［ね］,ざんねんです［ね］。,真遗憾（呀）。,1
395,すみません。,すみません。,很抱歉。,
396,います,います,有，在（表示生物的存在）,
397,あります,あります,有，在（表示无生物的存在）,
398,いろいろ〔な〕,いろいろ〔な〕,各式各样〔的〕,0
399,ひと男の人,おとこの,男子,3
400,ひと女の人,おんなの,女子,3
401,こ男の子,おとこの,男孩,3
402,こ女の子,おんなの,女孩,3
403,犬,いぬ,狗,2
404,猫,ねこ,猫,1
405,木,き,树，木头,1
406,物,もの,物品，东西,2
407,フィルム,フィルム,底片，胶卷,1
408,電池,でんち,电池,1
409,箱,はこ,盒子,0
410,スイッチ,スイッチ,开关,2
411,冷蔵庫,れいぞうこ,冰箱,3
412,テーブル,テーブル,餐桌,0
413,べッド,べッド,床,1
414,棚,たな,架子,0
415,ドア,ドア,门,1
416,窓,まど,窗戶,1
417,ポスト,ポスト,邮筒，信箱,1
418,ビル,ビル,大厦，大楼,1
419,公園,こうえん,公园,0
420,喫茶店,きっさてん,咖啡馆,0
421,本屋,ほんや,书店,1
422,～屋,～や,～店,
423,乗り場,のりば,搭乘火车、计程车等交通工具的场所,0
424,県,けん,县,1
425,上,うえ,上，上面,0
426,下,した,下，下面,0
427,前,まえ,前，前面,1
428,うしろ,うしろ,后，后面,0
429,右,みぎ,右（边）,0
430,左,ひだり,左（边）,0
431,中,なか,里面，中间,1
432,外,そと,外面,1
433,隣,となり,隔壁，旁边,0
434,近く,ちかく,附近,2
435,間,あいだ,之间，中间,0
436,～や～〔など〕,～や～〔など〕,～啦～〔等〕,
437,いちばん～,いちばん～,最～（いちばんうえ：最上面，最高),
438,…段目,…だんめ,第…层（架子的第…层）,
439,います,います,有〔孩子〕［こどもが～］［子どもが～］,
440,います,います,在〔日本〕［にほんに～］［日本に～］,
441,かかります,かかります,花费（金钱或时间）,
442,休みます,やすみます,向〔公司〕请假［かいしゃを～］［会社を～］,
443,1つ,ひとつ,一个（用于计算物品）,2
444,2つ,ふたつ,二个,3
445,3つ,みっつ,三个,3
446,4つ,よっつ,四个,3
447,5つ,いつつ,五个,2
448,6つ,むっつ,六个,3
449,7つ,ななつ,七个,2
450,8つ,やっつ,八个,3
451,9つ,ここのつ,九个,0
452,10つ,とお,十个,1
453,いくつ,いくつ,几个,1
454,1人,ひとり,一个人,2
455,2人,ふたり,二个人,3
456,…人,…にん,…个人,
457,…だい,…だい,…台（用于计算机械、车辆等机械类时）,
458,…まい,…まい,…枚（用于计算纸张、邮票等薄的物品时）,
459,…回,…かい,…次,
460,りんご,りんご,苹果,0
461,みかん,みかん,桔子,1
462,サンドイッチ,サンドイッチ,三明治,4
463,カレー［ライス］,カレー［ライス］,咖哩〔饭〕,4
464,アイスクリーム,アイスクリーム,冰淇淋,5
465,切手,きって,邮票,0
466,はがき,はがき,明信片,0
467,封筒,ふうとう,信封,0
468,速達,そくたつ,限时信,0
469,書留,かきとめ,挂号信,0
470,エアメール,エアメール,航空邮件，航空信（こうくうびん）（航空便）,3
471,船便,ふなびん,船运,0
472,両親,りょうしん,双亲,1
473,兄弟,きょうだい,兄弟姐妹,1
474,兄,あに,（我）哥哥,1
475,お兄さん,おにいさん,（他人的）哥哥,2
476,姉,あね,（我）姐姐,0
477,お姉さん,おねえさん,（他人的）姐姐,2
478,弟,おとうと,（我）弟弟,4
479,弟さん,おとうとさん,（他人的）弟弟,4
480,妹,いもうと,（我）妹妹,4
481,妹さん,いもうとさん,（他人的）妹妹,4
482,外国,がいこく,外国,0
483,…時間,…じかん,…小时,
484,…週間,…しゅうかん,…星期,
485,…か月,…かげつ,…个月,
486,…年,…ねん,…年,
487,～ぐらい,～ぐらい,～左右,
488,どのぐらい,どのぐらい,多久,0
489,全部で,ぜんぶで,一共,1
490,みんな,みんな,全部，全体,3
491,～だけ,～だけ,只～，仅～,
492,いらっしゃいませ。,いらっしゃいませ。,欢迎光临（商店、行号在顾客光临时用）,4
493,簡単［な］,かんたん［な］,简单，单纯,1
494,近い,ちかい,近,2
495,遠い,とおい,远,0
496,速い、早い,はやい,快，早,2
497,遅い,おそい,慢，晚,2
498,多い,おおい,〔人〕多，多［ひとが～］［人が～］,1
499,少ない,すくない,〔人〕少，少［ひとが～］［人が～］,3
500,暖かい、温かい,あたたかい,温暖，温热,4
501,涼しい,すずしい,凉,3
502,甘い,あまい,甜,2
503,辛い,からい,辣，咸,2
504,重い,おもい,重,2
505,軽い,かるい,轻,3
506,いい,いい,好（咖啡）［コーヒーが～］,1
507,季節,きせつ,季节,2
508,春,はる,春,1
509,夏,なつ,夏,2
510,秋,あき,秋,1
511,冬,ふゆ,冬,2
512,天気,てんき,天气,1
513,雨,あめ,雨，下雨,1
514,雪,ゆき,雪，下雪,2
515,曇り,くもり,阴天,3
516,ホテル,ホテル,饭店，旅馆,1
517,空港,くうこう,机场,0
518,海,うみ,海,1
519,世界,せかい,世界,1
520,パーティー,パーティー,舞会，餐会（～をします：办舞会）,1
521,［お］祭り,［お］まつり,节庆，庆典,0
522,試験,しけん,考试,2
523,すき焼き,すきやき,鸡素烧（牛肉和蔬菜的火锅）,0
524,刺身,さしみ,生鱼片,3
525,［お］すし,［お］すし,寿司,2
526,てんぷら,てんぷら,天妇罗,0
527,生け花,いけばな,花道，插花（～をします：插花）,2
528,紅葉,もみじ,红叶（秋天的各种变色叶）,1
529,どちら,どちら,哪边（自二选一）,1
530,どちらも,どちらも,二者都,1
531,ずっと,ずっと,～得多，～得很,0
532,初めて,はじめて,第一次,2
533,遊びます,あそびます,玩，游乐,
534,泳ぎます,およぎます,游泳,
535,迎えます,むかえます,迎接，欢迎,
536,疲れます,つかれます,疲累,
537,出します,だします,寄〔信〕［てがみを～］［手紙を～］,
538,はいります入ります,はいります入ります,进入〔咖啡馆〕［きっさてんに～］［喫茶店に～］,
539,でます出ます,でます出ます,出〔咖啡馆〕［きっさてんを～］［喫茶店を～］,
540,結婚します,けっこんします,结婚,
541,買い物します,かいものします,购物，买东西,
542,食事します,しょくじします,用餐，吃饭,
543,散歩します,さんぽします,〔在公园〕散步,
544,大変［な］,たいへん［な］,重大〔的〕,0
545,欲しい,ほしい,想要（某事物）,2
546,寂しい,さびしい,孤独，寂寞,3
547,広い,ひろい,宽广，广阔,2
548,市役所,しやくしょ,市政府,2
549,プール,プール,游泳池,1
550,川,かわ,河川,2
551,経済,けいざい,经济,1
552,美術,びじゅつ,美术,1
553,釣り,つり,钓鱼（～をします：钓魚）,0
554,スキー,スキー,滑雪（～をします：滑雪）,2
555,会議,かいぎ,会议（～をします：开会）,1
556,登録,とうろく,登记（～をします：登记）,0
557,週末,しゅうまつ,周末,0
558,～ごろ～,～ごろ～,左右（用于时间),
559,何か,なにか,某事物,1
560,どこか,どこか,某处，某场所,1
561,おなかがすきました。,おなかがすきました。,肚子饿了。,
562,おなかがいっぱいです。,おなかがいっぱいです。,吃饱了。,
563,のどがかわきました。,のどがかわきました。,口渴了。,
564,そうですね。,そうですね。,是呀。（表赞成）,
565,そうしましょう。,そうしましょう。,就这么办吧（表示同意他人的意见）,
566,つけます,つけます,打开（电灯、冷气等）,
567,消します,けします,关掉（电灯、冷气等）,
568,開けます,あけます,打开（门、窗等）,
569,閉めます,しめます,关闭（门、窗等）,
570,急ぎます,いそぎます,赶快，着急,
571,待ちます,まちます,等,
572,止めます,とめます,停止，停车,
573,曲がります,まがります,转向〔右边〕［みぎへ～］［右へ～］,
574,持ちます,もちます,持有，携带,
575,取ります,とります,拿，持,
576,手伝います,てつだいます,帮忙，帮助,
577,呼びます,よびます,呼叫，呼唤,
578,話します,はなします,讲，说,
579,見せます,みせます,出示，让人看,
580,教えます,おしえます,告诉〔地址〕［じゅうしょを～］［住所を～］,
581,始めます,はじめます,开始,
582,降ります,ふります,下（雨）［あめが～］［雨が～］,
583,コピーします,コピーします,影印,
584,エアコン,エアコン,冷暖气机，空调机,0
585,パスポート,パスポート,护照,3
586,名前,なまえ,名字，姓名,0
587,住所,じゅうしょ,地址，住址,1
588,地図,ちず,地图,1
589,塩,しお,盐,2
590,砂糖,さとう,砂糖,2
591,読み方,よみかた,念法，读法,3
592,～方,～かた,～方式,
593,ゆっくり,ゆっくり,慢慢地,3
594,すぐ,すぐ,马上，立刻,2
595,また,また,再，又,3
596,あとで,あとで,等一下，稍后,
597,もう少し,もうすこし,再多一些,4
598,もう～,もう～,再～，另外的～,
599,いいですよ。,いいですよ。,好呀。／可以呀。,
600,さあ,さあ,好啦（提议做某事时用）,
601,あれ？,あれ？,什么？（表示惊讶）,
602,立ちます,たちます,站，立,
603,座ります,すわります,坐,
604,使います,つかいます,使用，用,
605,置きます,おきます,放置，摆放,
606,作ります、造ります,つくります,做，制造,
607,売ります,うります,卖，销售,
608,知ります,しります,得知,
609,住みます,すみます,居住,
610,研究します,けんきゅうします,研究,
611,知っています,しっています,知道,
612,住んでいます,すんでいます,居住〔在大阪〕［おおさかに～］［大阪に～］,
613,資料,しりょう,资料,1
614,カタログ,カタログ,产品目录,0
615,時刻表,じこくひょう,时刻表,0
616,服,ふく,衣服,2
617,製品,せいひん,产品,0
618,ソフト,ソフト,柔软，软和；软件，程序,1
619,専門,せんもん,专业，专长,0
620,歯医者,はいしゃ,牙科医生,1
621,床屋,とこや,理发店，理发师,0
622,プレイガイド,プレイガイド,（剧场等的）预售,4
623,独身,どくしん,单身，未婚,0
624,乗ります,のります,搭乘〔电车〕［でんしゃに～］［電車に～］,
625,降ります,おります,下〔电车〕［でんしゃを～］［電車を～］,
626,乗り換えます,のりかえます,换车,
627,浴びます,あびます,冲〔淋浴〕［シャワーを～］,
628,入れます,いれます,放入，放进,
629,出します,だします,拿出，取出,
630,入ります,はいります,进入，上〔大学〕［だいがくに～］［大学に～］,
631,出ます,でます,出，〔大学〕毕业,
632,やめます,やめます,〔职〕，停止，放弃［かいしゃを～］［会社を～］,
633,押します,おします,推，按,
634,若い,わかい,年轻,2
635,長い,ながい,长,2
636,短い,みじかい,短,3
637,明るい,あかるい,明亮,3
638,暗い,くらい,昏暗,3
639,背が高い,せがたかい,个子高,
640,頭がいい,あたまがいい,头脑好，聪明,
641,体,からだ,身体,0
642,頭,あたま,头,3
643,髪,かみ,头发,2
644,顔,かお,脸,0
645,目,め,眼睛,1
646,耳,みみ,耳朵,2
647,口,くち,嘴巴,0
648,歯,は,牙齿,1
649,おなか,おなか,肚子,0
650,足,あし,脚，腿,2
651,サービス,サービス,服务,1
652,ジョギング,ジョギング,慢跑（～をします：慢跑）,0
653,シャワー,シャワー,淋浴,1
654,緑,みどり,绿色，绿意,1
655,［お］寺,［お］てら,寺庙,0
656,神社,じんじゃ,神社,1
657,留学生,りゅうがくせい,留学生,3
658,…番,…ばん,…号,
659,どうやって,どうやって,怎样，如何,
660,どの～,どの～,哪个～（用于三者或以上）,
661,［いいえ、］まだまだです。,［いいえ、］まだまだです。,"（不,〕还不行。还差得远。",
662,覚えます,おぼえます,记住,
663,忘れます,わすれます,忘记,
664,なくします,なくします,遗失,
665,出します,だします,提交〔报告〕［レポートを～］,
666,払います,はらいます,支付，付款,
667,返します,かえします,归还，还,
668,出かけます,でかけます,出门，外出,
669,脱ぎます,ぬぎます,脱（衣服、鞋等）,
670,持って行きます,もっていきます,带（某物）去,
671,持って来ます,もってきます,带（某物）来,
672,心配します,しんぱいします,担心,
673,残業します,ざんぎょうします,加班,
674,出張します,しゅっちょうします,出差,
675,飲みます,のみます,吃（药）、服（药）［くすりを～］［薬を～］,
676,入ります,はいります,洗澡［おふろに～］,
677,大切［な］,たいせつ［な］,重要的,0
678,大丈夫［な］,だいじょうぶ［な］,放心，没关系的,3
679,危ない,あぶない,危险,3
680,問題,もんだい,问题,0
681,答え,こたえ,回答,2
682,禁煙,きんえん,禁烟,0
683,［健康］保険証,［けんこう］ほけんしょう,健康保险证,5
684,かぜ,かぜ,感冒,0
685,熱,ねつ,发烧,2
686,病気,びょうき,病，生病,0
687,薬,くすり,药,0
688,［お］ふろ,［お］ふろ,洗澡,2
689,上着,うわぎ,夹克，外套,0
690,下着,したぎ,內衣,0
691,先生,せんせい,医师（对医生的称呼）,3
692,2、3日,2、3にち,两三天,
693,2、3～,2、3～,二三～（用于不定数量的计算）,
694,～までに,～までに,～在之前（表示时间的期限）,
695,ですから,ですから,所以，因此,
696,できます,できます,会，能够，可以,
697,洗います,あらいます,洗,
698,弾きます,ひきます,弹（钢琴等）,
699,歌います,うたいます,唱,
700,集めます,あつめます,收集,
701,捨てます,すてます,丢掉，舍弃,
702,換えます,かえます,交换，变换,
703,運転します,うんてんします,驾驶,
704,予約します,よやくします,预约,
705,見学します,けんがくします,参观见习,
706,ピアノ,ピアノ,钢琴,0
707,…メートル,…メートル,…公尺,
708,国際～,こくさい～,国际～,
709,現金,げんきん,现金,3
710,趣味,しゅみ,爱好，嗜好,1
711,日記,にっき,日记,0
712,［お］祈り,［お］いのり,祈祷（～をします：祈祷）,3
713,課長,かちょう,课长，科长,0
714,部長,ぶちょう,经理，部长,0
715,社長,しゃちょう,总经理，社长,0
716,登ります,のぼります,登，爬〔山〕［やまに～］［山に～］,
717,泊まります,とまります,住（饭店）［ホテルに～］,
718,掃除します,そうじします,打扫,
719,洗濯します,せんたくします,洗衣服,
720,練習します,れんしゅうします,练习,
721,なります,なります,成为,
722,眠い,ねむい,想睡，困,0
723,強い,つよい,强,2
724,弱い,よわい,弱,2
725,調子がいい,ちょうしがいい,情況好,
726,調子が悪い,ちょうしがわるい,情況差,
727,調子,ちょうし,情况，状态,0
728,ゴルフ,ゴルフ,高尔夫球（～をします：打高尔夫球）,1
729,相撲,すもう,相扑,0
730,パチンコ,パチンコ,小钢珠（～をします：打小钢珠）,0
731,お茶,おちゃ,茶道,0
732,日,ひ,日，日子,1
733,一度,いちど,一次,3
734,一度も,いちども,连一次也（表否定）,0
735,だんだん,だんだん,逐渐,0
736,もうすぐ,もうすぐ,马上,
737,おかげさまで,おかげさまで,托您的福（略带感谢意思的客气说法）,
738,要ります,いります,要，需要〔签证〕［ビザが～］,
739,調べます,しらべます,调查,
740,直します,なおします,修理，改正,
741,修理します,しゅうりします,修理,
742,電話します,でんわします,打电话,
743,僕,ぼく,我（男性用语，不如"わたし"礼貌）,1
744,君,きみ,你（男性对晚辈或同辈用，不如"あなた"礼貌）,0
745,～君,～くん,～君（男性称呼晚辈或同辈用，不如"さん"礼貌）,
746,うん,うん,对（不如"はい"礼貌）,1
747,ううん,ううん,不对（不如"いいえ"礼貌）,
748,サラリーマン,サラリーマン,薪水阶级，上班族,3
749,ことば,ことば,单字，语言,3
750,物価,ぶっか,物价,0
751,着物,きもの,和服（传统的日本服装）,0
752,ビザ,ビザ,签证,1
753,初め,はじめ,开始,0
754,終わり,おわり,结束,0
755,こっち,こっち,这边（不如"こちら"礼貌）,3
756,そっち,そっち,那边（不如"そちら"礼貌）,3
757,あっち,あっち,那边（不如"あちら"礼貌）,3
758,どっち,どっち,哪边（不如"どちら"礼貌）,1
759,この間,このあいだ,日前，前些天,0
760,みんなで,みんなで,大家一起,
761,～けど,～けど,但是（不如"が"正式）,
762,思います,おもいます,想，认为，觉得,
763,言います,いいます,说,
764,足ります,たります,足够,
765,勝ちます,かちます,赢，得胜,
766,負けます,まけます,输，落败,
767,あります,あります,举行（节庆）［おまつりが～］［お祭りが～］,
768,役に立ちます,やくにたちます,有用，起作用,
769,むだ［な］,むだ［な］,沒用〔的〕,0
770,不便［な］,ふべん［な］,不便〔的〕,1
771,同じ,おなじ,相同，一样,0
772,すごい,すごい,厉害（的）（有褒或贬的意思）,2
773,首相,しゅしょう,总理，首相,0
774,大統領,だいとうりょう,总统,3
775,政治,せいじ,政治,0
776,ニュース,ニュース,新闻,1
777,スピーチ,スピーチ,演讲（～をします：进行演讲）,2
778,試合,しあい,比赛,0
779,アルバイト,アルバイト,打工（～をします：打工）,3
780,意見,いけん,意见,1
781,［お］話,［お］はなし,讲话，演讲，故事,3
782,ユーモア,ユーモア,幽默,1
783,むだ,むだ,浪费,0
784,デザイン,デザイン,设计,2
785,交通,こうつう,交通,0
786,ラッシュ,ラッシュ,交通巅峰时间,1
787,最近,さいきん,最近,0
788,たぶん,たぶん,大概，可能,1
789,きっと,きっと,一定,0
790,ほんとうに,ほんとうに,真的，的确,0
791,そんなに,そんなに,并不（用于否定）,4
792,～について,～について,关于～,
793,しかたがありません。,しかたがありません。,没办法,
794,着ます,きます,穿（衬衫等）［シャツを～］,
795,はきます,はきます,穿〔鞋，裤子〕［くつを～］［靴を～］,
796,かぶります,かぶります,戴〔帽子等〕［ぼうしを～］［帽子を～］,
797,かけます,かけます,戴〔眼镜〕［めがねを～］［眼鏡を～］,
798,生まれます,うまれます,出生,
799,コート,コート,大衣，外套,1
800,スーツ,スーツ,西裝,1
801,セーター,セーター,毛衣,1
802,帽子,ぼうし,帽子,0
803,眼鏡,めがね,眼镜,1
804,よく,よく,经常,1
805,おめでとうございます。,おめでとうございます。,恭喜。（用于生日，婚礼，新年等时）,
806,聞きます,ききます,问〔老师〕［せんせいに～］［先生に～］,
807,回します,まわします,转动,
808,引きます,ひきます,拉,
809,変えます,かえます,改变，换,
810,触ります,さわります,摸，碰触〔门〕［ドアに～］,
811,出ます,でます,〔零钱〕出来［おつりが～］［お釣りが～］,
812,動きます,うごきます,（钟表）转动［とけいが～］［時計が～］,
813,歩きます,あるきます,走〔路〕［みちを～］［道を～］,
814,渡ります,わたります,过（桥）［はしを～］［橋を～］,
815,気をつけます,きをつけます,小心〔车辆〕，注意〔车辆〕［くるまに～］［車に～］,
816,引っ越しします,ひっこしします,搬家,
817,電気屋,でんきや,电器行,0
818,～屋,～や,经营某种店铺的人,
819,サイズ,サイズ,尺寸,1
820,音,おと,声音,2
821,機械,きかい,机械，机器,2
822,つまみ,つまみ,旋转钮,0
823,故障,こしょう,故障（～します：发生故障）,0
824,道,みち,道路,0
825,交差点,こうさてん,十字路口,0
826,信号,しんごう,红绿灯,0
827,角,かど,转角,1
828,橋,はし,桥,2
829,駐車場,ちゅうしゃじょう,停车场,0
830,…目,…め,第…,
831,［お］正月,［お］しょうがつ,新年,0
832,ごちそうさま［でした］。,ごちそうさま［でした］。,谢谢你的款待。（用于饮食后）,
833,くれます,くれます,给（我）,
834,連れて行きます,つれていきます,带（某人）去,
835,連れて来ます,つれてきます,带（某人）来,
836,送ります,おくります,送〔人〕［ひとを～］［人を～］,
837,紹介します,しょうかいします,介绍,
838,案内します,あんないします,带路，引路,
839,説明します,せつめいします,说明,
840,いれます,いれます,冲，泡〔咖啡〕［コーヒーを～］,
841,おじいさん／おじいちゃん,おじいさん／おじいちゃん,祖父，老爷爷,2
842,おばあさん／おばあちゃん,おばあさん／おばあちゃん,祖母，老奶奶,2
843,準備,じゅんび,准备（～します：做准备）,1
844,意味,いみ,意思,1
845,［お］菓子,［お］かし,糕点，点心,1
846,全部,ぜんぶ,全部,1
847,自分で,じぶんで,自己～,
848,考えます,かんがえます,思考，想,
849,着きます,つきます,到达，抵达（车站）［えきに～］［駅に～］,
850,留学します,りゅうがくします,留学,
851,取ります,とります,上（年纪）［としを～］［年を～］,
852,田舎,いなか,乡下，故乡,0
853,大使館,たいしかん,大使馆,3
854,グループ,グループ,组，群,2
855,チャンス,チャンス,机会,1
856,億,おく,亿,1
857,もし［～たら］,もし［～たら］,如果～,
858,いくら［～ても］,いくら［～ても］,无论～也，怎么～也,
